{
    "kind": "singleType",
    "collectionName": "abouts",
    "info": {
        "singularName": "about",
        "pluralName": "abouts",
        "displayName": "About"
    },
    "options": {
        "draftAndPublish": true
    },
    "attributes": {
        "headline": {
            "type": "string"
        },
        "bio": {
            "type": "richtext"
        },
        "profileImage": {
            "type": "media",
            "multiple": false,
            "allowedTypes": [
                "images"
            ]
        },
        "resumeUrl": {
            "type": "media",
            "multiple": false,
            "allowedTypes": [
                "files"
            ]
        },
        "contactEmail": {
            "type": "email"
        },
        "socialLinks": {
            "type": "json"
        }
    }
}