{
    "kind": "collectionType",
    "collectionName": "services",
    "info": {
        "singularName": "service",
        "pluralName": "services",
        "displayName": "Service"
    },
    "options": {
        "draftAndPublish": true
    },
    "attributes": {
        "title": {
            "type": "string",
            "required": true
        },
        "description": {
            "type": "text",
            "required": true
        },
        "icon": {
            "type": "string"
        },
        "features": {
            "type": "json"
        },
        "order": {
            "type": "integer"
        }
    }
}