{
    "kind": "collectionType",
    "collectionName": "skills",
    "info": {
        "singularName": "skill",
        "pluralName": "skills",
        "displayName": "Skill",
        "description": "Technical skills"
    },
    "options": {
        "draftAndPublish": true
    },
    "attributes": {
        "name": {
            "type": "string",
            "required": true
        },
        "category": {
            "type": "enumeration",
            "enum": [
                "frontend",
                "backend",
                "tools"
            ],
            "required": true
        },
        "icon": {
            "type": "string",
            "default": "⚡"
        },
        "proficiency": {
            "type": "integer",
            "min": 0,
            "max": 100
        },
        "order": {
            "type": "integer"
        }
    }
}