{
  "kind": "collectionType",
  "collectionName": "projects",
  "info": {
    "singularName": "project",
    "pluralName": "projects",
    "displayName": "Project",
    "description": "Portfolio projects"
  },
  "options": {
    "draftAndPublish": true
  },
  "pluginOptions": {},
  "attributes": {
    "title": {
      "type": "string",
      "required": true
    },
    "slug": {
      "type": "uid",
      "targetField": "title",
      "required": true
    },
    "description": {
      "type": "text",
      "required": true
    },
    "longDescription": {
      "type": "richtext"
    },
    "technologies": {
      "type": "json"
    },
    "category": {
      "type": "enumeration",
      "enum": ["Full-Stack", "Frontend", "Backend", "Mobile", "Other"],
      "default": "Full-Stack"
    },
    "image": {
      "type": "media",
      "multiple": false,
      "required": false,
      "allowedTypes": ["images"]
    },
    "liveUrl": {
      "type": "string"
    },
    "githubUrl": {
      "type": "string"
    },
    "featured": {
      "type": "boolean",
      "default": false
    },
    "order": {
      "type": "integer"
    }
  }
}
